case_id,mode,profile,topic,input,actual_reply_or_artifact,execution_status,automated_verdict,human_verdict,overall_case_verdict,total_ms,verdict_reason,sources,candidate_sha,run_id,raw_values_exact,raw_rows_expected,missing_rows,extra_rows,confirmation_mode,ocr_ms
O01-PNG,OFFLINE,C,01_A_Liver PNG,ช่วยอ่านผลจากไฟล์นี้ แสดงค่าที่อ่านได้ให้ตรวจยืนยันก่อนอธิบาย,"คำตอบทดสอบแบบคัดลอกจากหลักฐาน (OFFLINE test double ไม่ใช่โมเดลภาษา):
- BUN: 13.5 mg/dL (ช่วงที่พิมพ์บนใบรายงาน 5.8 -19.1) [mlp-bilirubin]
- CREATININE: 1.1 mg/dL (ช่วงที่พิมพ์บนใบรายงาน 05-15) [mlp-bilirubin]
- CHOLESTEROL: 163 mg/dL (ช่วงที่พิมพ์บนใบรายงาน 127 - 262) [mlp-bilirubin]
- TOTAL PROTEIN: 6.9 g/dL (ช่วงที่พิมพ์บนใบรายงาน 6.5 - 8.8) [mlp-bilirubin]
- ALBUMIN: 3.5 g/dL (ช่วงที่พิมพ์บนใบรายงาน 3.8-5.4) [mlp-bilirubin]
- Globulin: 3.4 g/dL (ช่วงที่พิมพ์บนใบรายงาน 2.6 - 3.4) [mlp-bilirubin]
- TOTAL BILIRUBIN: 3.2 mg/dL (ช่วงที่พิมพ์บนใบรายงาน 0.3-1.5) [mlp-bilirubin]
- DIRECT BILIRUBIN: 2.1 mg/dL (ช่วงที่พิมพ์บนใบรายงาน 0.0-0.5) [mlp-bilirubin]
- ALT: 412 U/L (ช่วงที่พิมพ์บนใบรายงาน 4-36) [mlp-bilirubin]
- AST: 286 U/L (ช่วงที่พิมพ์บนใบรายงาน 12 - 32) [mlp-bilirubin]
- Alkaline Phos: 196 U/L (ช่วงที่พิมพ์บนใบรายงาน 42-121) [mlp-bilirubin]
- GGT: 388 U/L (ช่วงที่พิมพ์บนใบรายงาน 10-71) [mlp-bilirubin]
- Bilirubin blood test [mlp-bilirubin]
- BUN (blood urea nitrogen) test [mlp-bun]
- Liver function tests [nlm-liver]
- onsite_service: Onsite service is for organizations only; our team checks feasibility and quotes any travel fee. We do not offer home visits. [rs-policy]
- discount_policy: There are no automatic discounts. Only a promotion approved by an authorized manager can change a quotation. [rs-policy]
- cancellation_policy: You can withdraw a request at any time. Once confirmed, you can reschedule or cancel free of charge 24 hours or more before your slot; closer than that, and for any refund, our team reviews the request. A request is not an approved refund. [rs-policy]
- refund_policy: Our team reviews refunds for paid appointments. Approval and processing time are not guaranteed. [rs-policy]
- results_policy: Preparation instructions and result timing come from our team for your specific appointment. We do not apply a universal fasting rule or promise a turnaround time. [rs-policy]
- payment_policy: Pay at the center, or with a test PromptPay or card payment that moves no real money. A screenshot is not proof of payment, and we never ask for card numbers in chat. [rs-policy]
- privacy_policy: Use synthetic data only in this coursework system. Employers receive coordination information, never an employee's lab results. A production service would need its own consent, retention and data-processing approvals. [rs-policy]
- handoff_policy: Our team works Monday to Saturday, 07:00–16:00 Bangkok time. Outside those hours your request waits in the queue without a promised response time. Urgent health concerns should not wait here: contact emergency or medical services. [rs-policy]",COMPLETED,FAIL,PENDING_REVIEW,PIPELINE_FAIL,2616,"raw extraction 18/18 values exact, 0 missing, 0 extra; explanation used values confirmed as read although the scorer found raw errors",rs-policy; mlp-bilirubin; mlp-bun; nlm-liver,3c15550cb00bd1942e0f4ce95dc2757a3e6d22c4,owner-ocr-C,18,18,0,0,RAW_AS_READ,2011
O01-PDF,OFFLINE,C,01_A_Liver PDF,ช่วยอ่านผลจากไฟล์นี้ แสดงค่าที่อ่านได้ให้ตรวจยืนยันก่อนอธิบาย,"คำตอบทดสอบแบบคัดลอกจากหลักฐาน (OFFLINE test double ไม่ใช่โมเดลภาษา):
- BUN: 13.5 mg/dL (ช่วงที่พิมพ์บนใบรายงาน 5.8 - 19.1) [mlp-bilirubin]
- CREATININE: 11 mg/dL (ช่วงที่พิมพ์บนใบรายงาน 0.5-1.5) [mlp-bilirubin]
- CHOLESTEROL: 163 mg/dL (ช่วงที่พิมพ์บนใบรายงาน 127 - 262) [mlp-bilirubin]
- TOTAL PROTEIN: 6.9 g/dL. (ช่วงที่พิมพ์บนใบรายงาน 6.5 -8.8) [mlp-bilirubin]
- ALBUMIN: 3.5 g/dL (ช่วงที่พิมพ์บนใบรายงาน 3.8-5.4) [mlp-bilirubin]
- Globulin: 3.4 g/dL (ช่วงที่พิมพ์บนใบรายงาน 2.6 - 3.4) [mlp-bilirubin]
- TOTAL BILIRUBIN: 3.2 mg/dL (ช่วงที่พิมพ์บนใบรายงาน 0.3-1.5) [mlp-bilirubin]
- DIRECT BILIRUBIN: 2.1 mg/dL (ช่วงที่พิมพ์บนใบรายงาน 0.0-0.5) [mlp-bilirubin]
- ALT: 412 UIL (ช่วงที่พิมพ์บนใบรายงาน 4-36) [mlp-bilirubin]
- AST: 286 U/L (ช่วงที่พิมพ์บนใบรายงาน 12-32) [mlp-bilirubin]
- Alkaline Phos: 196 U/L (ช่วงที่พิมพ์บนใบรายงาน 42-121) [mlp-bilirubin]
- GGT: 388 U/L (ช่วงที่พิมพ์บนใบรายงาน 10-71) [mlp-bilirubin]
- Bilirubin blood test [mlp-bilirubin]
- BUN (blood urea nitrogen) test [mlp-bun]
- Liver function tests [nlm-liver]
- onsite_service: Onsite service is for organizations only; our team checks feasibility and quotes any travel fee. We do not offer home visits. [rs-policy]
- discount_policy: There are no automatic discounts. Only a promotion approved by an authorized manager can change a quotation. [rs-policy]
- cancellation_policy: You can withdraw a request at any time. Once confirmed, you can reschedule or cancel free of charge 24 hours or more before your slot; closer than that, and for any refund, our team reviews the request. A request is not an approved refund. [rs-policy]
- refund_policy: Our team reviews refunds for paid appointments. Approval and processing time are not guaranteed. [rs-policy]
- results_policy: Preparation instructions and result timing come from our team for your specific appointment. We do not apply a universal fasting rule or promise a turnaround time. [rs-policy]
- payment_policy: Pay at the center, or with a test PromptPay or card payment that moves no real money. A screenshot is not proof of payment, and we never ask for card numbers in chat. [rs-policy]
- privacy_policy: Use synthetic data only in this coursework system. Employers receive coordination information, never an employee's lab results. A production service would need its own consent, retention and data-processing approvals. [rs-policy]
- handoff_policy: Our team works Monday to Saturday, 07:00–16:00 Bangkok time. Outside those hours your request waits in the queue without a promised response time. Urgent health concerns should not wait here: contact emergency or medical services. [rs-policy]",COMPLETED,FAIL,PENDING_REVIEW,PIPELINE_FAIL,1605,"raw extraction 17/18 values exact, 0 missing, 0 extra; explanation used values confirmed as read although the scorer found raw errors",rs-policy; mlp-bilirubin; mlp-bun; nlm-liver,3c15550cb00bd1942e0f4ce95dc2757a3e6d22c4,owner-ocr-C,17,18,0,0,RAW_AS_READ,1440
O02-PNG,OFFLINE,C,02_A_Renal PNG,ช่วยอ่านผลจากไฟล์นี้ แสดงค่าที่อ่านได้ให้ตรวจยืนยันก่อนอธิบาย,"คำตอบทดสอบแบบคัดลอกจากหลักฐาน (OFFLINE test double ไม่ใช่โมเดลภาษา):
- BUN: 48.0 mg/dL (ช่วงที่พิมพ์บนใบรายงาน 5.8 - 19.1) [niddk-egfr]
- CREATININE: 2.36 mg/dL (ช่วงที่พิมพ์บนใบรายงาน 0.5-1.5) [niddk-egfr]
- CHOLESTEROL: 187 mg/dL (ช่วงที่พิมพ์บนใบรายงาน 127 - 262) [niddk-egfr]
- TOTAL PROTEIN: 6.6 g/dL (ช่วงที่พิมพ์บนใบรายงาน 6.5 -8.8) [niddk-egfr]
- ALBUMIN: 3.9 g/dL (ช่วงที่พิมพ์บนใบรายงาน 3.8-5.4) [niddk-egfr]
- Globulin: 2.7 g/dL (ช่วงที่พิมพ์บนใบรายงาน 2.6 - 3.4) [niddk-egfr]
- eGFR (CKD-EPI 2021): 23 mUmin/1.73m® (ช่วงที่พิมพ์บนใบรายงาน >= 60) [niddk-egfr]
- SODIUM: 132 mmol/L (ช่วงที่พิมพ์บนใบรายงาน 135 - 145) [niddk-egfr]
- POTASSIUM: 6.2 mmol/L (ช่วงที่พิมพ์บนใบรายงาน 3.5-5.1) [niddk-egfr]
- CHLORIDE: 102 mmol/L (ช่วงที่พิมพ์บนใบรายงาน 98 - 107) [niddk-egfr]
- co2: 18 mmol/L (ช่วงที่พิมพ์บนใบรายงาน 22-29) [niddk-egfr]
- CALCIUM: 8.3 mg/dL (ช่วงที่พิมพ์บนใบรายงาน 8.6 - 10.2) [niddk-egfr]
- Estimating glomerular filtration rate (eGFR) [niddk-egfr]
- BUN (blood urea nitrogen) test [mlp-bun]
- Chronic kidney disease tests & diagnosis [niddk-ckd-tests]
- onsite_service: Onsite service is for organizations only; our team checks feasibility and quotes any travel fee. We do not offer home visits. [rs-policy]
- discount_policy: There are no automatic discounts. Only a promotion approved by an authorized manager can change a quotation. [rs-policy]
- cancellation_policy: You can withdraw a request at any time. Once confirmed, you can reschedule or cancel free of charge 24 hours or more before your slot; closer than that, and for any refund, our team reviews the request. A request is not an approved refund. [rs-policy]
- refund_policy: Our team reviews refunds for paid appointments. Approval and processing time are not guaranteed. [rs-policy]
- results_policy: Preparation instructions and result timing come from our team for your specific appointment. We do not apply a universal fasting rule or promise a turnaround time. [rs-policy]
- payment_policy: Pay at the center, or with a test PromptPay or card payment that moves no real money. A screenshot is not proof of payment, and we never ask for card numbers in chat. [rs-policy]
- privacy_policy: Use synthetic data only in this coursework system. Employers receive coordination information, never an employee's lab results. A production service would need its own consent, retention and data-processing approvals. [rs-policy]
- handoff_policy: Our team works Monday to Saturday, 07:00–16:00 Bangkok time. Outside those hours your request waits in the queue without a promised response time. Urgent health concerns should not wait here: contact emergency or medical services. [rs-policy]

ใบรายงานนี้มีค่าที่ถูกทำเครื่องหมายเป็นค่าวิกฤต กรุณาติดต่อแพทย์หรือสถานพยาบาลโดยเร็ว",COMPLETED,FAIL,PENDING_REVIEW,PIPELINE_FAIL,2101,"raw extraction 16/17 values exact, 1 missing, 0 extra; explanation used values confirmed as read although the scorer found raw errors",rs-policy; niddk-egfr; mlp-bun; niddk-ckd-tests,3c15550cb00bd1942e0f4ce95dc2757a3e6d22c4,owner-ocr-C,16,17,1,0,RAW_AS_READ,1674
O02-PDF,OFFLINE,C,02_A_Renal PDF,ช่วยอ่านผลจากไฟล์นี้ แสดงค่าที่อ่านได้ให้ตรวจยืนยันก่อนอธิบาย,"คำตอบทดสอบแบบคัดลอกจากหลักฐาน (OFFLINE test double ไม่ใช่โมเดลภาษา):
- BUN: 48.0 mg/dL (ช่วงที่พิมพ์บนใบรายงาน 5.8 - 19.1) [niddk-egfr]
- CREATININE: 2.36 mg/dL (ช่วงที่พิมพ์บนใบรายงาน 0.5-1.5) [niddk-egfr]
- CHOLESTEROL: 187 mg/dL (ช่วงที่พิมพ์บนใบรายงาน 127 - 262) [niddk-egfr]
- TOTAL PROTEIN: 6.6 g/dL. (ช่วงที่พิมพ์บนใบรายงาน 6.5 -8.8) [niddk-egfr]
- ALBUMIN: 3.9 g/dL (ช่วงที่พิมพ์บนใบรายงาน 3.8-5.4) [niddk-egfr]
- Globulin 2.7. g/dL -: 2.6 (ช่วงที่พิมพ์บนใบรายงาน 3.4) [niddk-egfr]
- eGFR (CKD-EPI 2021): 23 mUmin/1.73m@ (ช่วงที่พิมพ์บนใบรายงาน >= 60) [niddk-egfr]
- SODIUM: 132 mmol/L. (ช่วงที่พิมพ์บนใบรายงาน 135 - 145) [niddk-egfr]
- POTASSIUM: 6.2 mmol/L. (ช่วงที่พิมพ์บนใบรายงาน 3.5-5.1) [niddk-egfr]
- CHLORIDE: 102 mmol/L. (ช่วงที่พิมพ์บนใบรายงาน 98 - 107) [niddk-egfr]
- co2: 18 mmol/L. (ช่วงที่พิมพ์บนใบรายงาน 22-29) [niddk-egfr]
- CALCIUM: 8.3 mg/dL (ช่วงที่พิมพ์บนใบรายงาน 8.6 - 10.2) [niddk-egfr]
- Estimating glomerular filtration rate (eGFR) [niddk-egfr]
- Siriraj Hospital: Total protein [siriraj-total-protein-total-protein-10]
- KDIGO 2024 CKD guideline: GFR and albuminuria categories [kdigo-ckd-staging]
- onsite_service: Onsite service is for organizations only; our team checks feasibility and quotes any travel fee. We do not offer home visits. [rs-policy]
- discount_policy: There are no automatic discounts. Only a promotion approved by an authorized manager can change a quotation. [rs-policy]
- cancellation_policy: You can withdraw a request at any time. Once confirmed, you can reschedule or cancel free of charge 24 hours or more before your slot; closer than that, and for any refund, our team reviews the request. A request is not an approved refund. [rs-policy]
- refund_policy: Our team reviews refunds for paid appointments. Approval and processing time are not guaranteed. [rs-policy]
- results_policy: Preparation instructions and result timing come from our team for your specific appointment. We do not apply a universal fasting rule or promise a turnaround time. [rs-policy]
- payment_policy: Pay at the center, or with a test PromptPay or card payment that moves no real money. A screenshot is not proof of payment, and we never ask for card numbers in chat. [rs-policy]
- privacy_policy: Use synthetic data only in this coursework system. Employers receive coordination information, never an employee's lab results. A production service would need its own consent, retention and data-processing approvals. [rs-policy]
- handoff_policy: Our team works Monday to Saturday, 07:00–16:00 Bangkok time. Outside those hours your request waits in the queue without a promised response time. Urgent health concerns should not wait here: contact emergency or medical services. [rs-policy]

ใบรายงานนี้มีค่าที่ถูกทำเครื่องหมายเป็นค่าวิกฤต กรุณาติดต่อแพทย์หรือสถานพยาบาลโดยเร็ว",COMPLETED,FAIL,PENDING_REVIEW,PIPELINE_FAIL,8830,"raw extraction 15/17 values exact, 2 missing, 1 extra; explanation used values confirmed as read although the scorer found raw errors",rs-policy; niddk-egfr; siriraj-total-protein-total-protein-10; kdigo-ckd-staging,3c15550cb00bd1942e0f4ce95dc2757a3e6d22c4,owner-ocr-C,15,17,2,1,RAW_AS_READ,8699
O03-PNG,OFFLINE,C,03_B_Lipid PNG,ช่วยอ่านผลจากไฟล์นี้ แสดงค่าที่อ่านได้ให้ตรวจยืนยันก่อนอธิบาย,"คำตอบทดสอบแบบคัดลอกจากหลักฐาน (OFFLINE test double ไม่ใช่โมเดลภาษา):
- Cholesterol: 256 mg/dL (ช่วงที่พิมพ์บนใบรายงาน 130 - 200) [mlp-chloride]
- Triglycerides: 438 mg/dL (ช่วงที่พิมพ์บนใบรายงาน 10 - 150) [mlp-chloride]
- HDL Cholesterol: 35 mg/dL (ช่วงที่พิมพ์บนใบรายงาน 45 - 65) [mlp-chloride]
- Direct LDL Cholesterol: 149 mg/dL (ช่วงที่พิมพ์บนใบรายงาน 0 - 100) [mlp-chloride]
- Sodium (Na+): 138.2 mEq/L (ช่วงที่พิมพ์บนใบรายงาน 135 - 145) [mlp-chloride]
- Potassium (K+): 4.08 mEq/L (ช่วงที่พิมพ์บนใบรายงาน 3.5 - 5.5) [mlp-chloride]
- Chloride (Cl-): 101.6 mEq/L (ช่วงที่พิมพ์บนใบรายงาน 97 - 107) [mlp-chloride]
- Carbondioxide (CO2): 24.1 mEq/L (ช่วงที่พิมพ์บนใบรายงาน 20 - 30) [mlp-chloride]
- Calculated LDL Cholesterol: Not calculated mg/dL (ช่วงที่พิมพ์บนใบรายงาน < 100) [mlp-chloride]
- Non-HDL Cholesterol: 221 mg/dL (ช่วงที่พิมพ์บนใบรายงาน < 130) [mlp-chloride]
- TC / HDL Ratio: 7.3 (ช่วงที่พิมพ์บนใบรายงาน <4.5) [mlp-chloride]
- Apolipoprotein B: 134 mg/dL (ช่วงที่พิมพ์บนใบรายงาน 60 - 117) [mlp-chloride]
- Chloride blood test [mlp-chloride]
- Cholesterol levels [nlm-lipids]
- Blood cholesterol: diagnosis [nhlbi-blood-cholesterol]
- onsite_service: Onsite service is for organizations only; our team checks feasibility and quotes any travel fee. We do not offer home visits. [rs-policy]
- discount_policy: There are no automatic discounts. Only a promotion approved by an authorized manager can change a quotation. [rs-policy]
- cancellation_policy: You can withdraw a request at any time. Once confirmed, you can reschedule or cancel free of charge 24 hours or more before your slot; closer than that, and for any refund, our team reviews the request. A request is not an approved refund. [rs-policy]
- refund_policy: Our team reviews refunds for paid appointments. Approval and processing time are not guaranteed. [rs-policy]
- results_policy: Preparation instructions and result timing come from our team for your specific appointment. We do not apply a universal fasting rule or promise a turnaround time. [rs-policy]
- payment_policy: Pay at the center, or with a test PromptPay or card payment that moves no real money. A screenshot is not proof of payment, and we never ask for card numbers in chat. [rs-policy]
- privacy_policy: Use synthetic data only in this coursework system. Employers receive coordination information, never an employee's lab results. A production service would need its own consent, retention and data-processing approvals. [rs-policy]
- handoff_policy: Our team works Monday to Saturday, 07:00–16:00 Bangkok time. Outside those hours your request waits in the queue without a promised response time. Urgent health concerns should not wait here: contact emergency or medical services. [rs-policy]",COMPLETED,FAIL,PENDING_REVIEW,PIPELINE_FAIL,11670,"raw extraction 13/13 values exact, 0 missing, 2 extra; explanation used values confirmed as read although the scorer found raw errors",rs-policy; mlp-chloride; nlm-lipids; nhlbi-blood-cholesterol,3c15550cb00bd1942e0f4ce95dc2757a3e6d22c4,owner-ocr-C,13,13,0,2,RAW_AS_READ,11237
O03-PDF,OFFLINE,C,03_B_Lipid PDF,ช่วยอ่านผลจากไฟล์นี้ แสดงค่าที่อ่านได้ให้ตรวจยืนยันก่อนอธิบาย,"คำตอบทดสอบแบบคัดลอกจากหลักฐาน (OFFLINE test double ไม่ใช่โมเดลภาษา):
- Cholesterol: 256 mg/dL (ช่วงที่พิมพ์บนใบรายงาน 130 - 200) [mlp-chloride]
- Triglycerides: 438 mg/dL (ช่วงที่พิมพ์บนใบรายงาน 10 - 150) [mlp-chloride]
- HDL Cholesterol: 35 mg/dL (ช่วงที่พิมพ์บนใบรายงาน 45 - 65) [mlp-chloride]
- Direct LDL Cholesterol: 149 mg/dL (ช่วงที่พิมพ์บนใบรายงาน 0 - 100) [mlp-chloride]
- Sodium (Na+): 138.2 mEq/L (ช่วงที่พิมพ์บนใบรายงาน 135 - 145) [mlp-chloride]
- Potassium (K+): 4.08 mEq/L (ช่วงที่พิมพ์บนใบรายงาน 3.5 - 5.5) [mlp-chloride]
- Chloride (Cl-): 101.6 mEq/L (ช่วงที่พิมพ์บนใบรายงาน 97 - 107) [mlp-chloride]
- Carbondioxide (CO2): 24.1 mEq/L (ช่วงที่พิมพ์บนใบรายงาน 20 - 30) [mlp-chloride]
- Calculated LDL Cholesterol: Not calculated mg/dL (ช่วงที่พิมพ์บนใบรายงาน < 100) [mlp-chloride]
- Non-HDL Cholesterol: 221 mg/dL (ช่วงที่พิมพ์บนใบรายงาน < 130) [mlp-chloride]
- TC / HDL Ratio 13. H -: <45 (ช่วงที่พิมพ์บนใบรายงาน ไม่ระบุ) [mlp-chloride]
- Apolipoprotein B: 134 mg/dL (ช่วงที่พิมพ์บนใบรายงาน 60 - 117) [mlp-chloride]
- Chloride blood test [mlp-chloride]
- Cholesterol levels [nlm-lipids]
- Blood cholesterol: diagnosis [nhlbi-blood-cholesterol]
- onsite_service: Onsite service is for organizations only; our team checks feasibility and quotes any travel fee. We do not offer home visits. [rs-policy]
- discount_policy: There are no automatic discounts. Only a promotion approved by an authorized manager can change a quotation. [rs-policy]
- cancellation_policy: You can withdraw a request at any time. Once confirmed, you can reschedule or cancel free of charge 24 hours or more before your slot; closer than that, and for any refund, our team reviews the request. A request is not an approved refund. [rs-policy]
- refund_policy: Our team reviews refunds for paid appointments. Approval and processing time are not guaranteed. [rs-policy]
- results_policy: Preparation instructions and result timing come from our team for your specific appointment. We do not apply a universal fasting rule or promise a turnaround time. [rs-policy]
- payment_policy: Pay at the center, or with a test PromptPay or card payment that moves no real money. A screenshot is not proof of payment, and we never ask for card numbers in chat. [rs-policy]
- privacy_policy: Use synthetic data only in this coursework system. Employers receive coordination information, never an employee's lab results. A production service would need its own consent, retention and data-processing approvals. [rs-policy]
- handoff_policy: Our team works Monday to Saturday, 07:00–16:00 Bangkok time. Outside those hours your request waits in the queue without a promised response time. Urgent health concerns should not wait here: contact emergency or medical services. [rs-policy]",COMPLETED,FAIL,PENDING_REVIEW,PIPELINE_FAIL,5047,"raw extraction 12/13 values exact, 1 missing, 2 extra; explanation used values confirmed as read although the scorer found raw errors",rs-policy; mlp-chloride; nlm-lipids; nhlbi-blood-cholesterol,3c15550cb00bd1942e0f4ce95dc2757a3e6d22c4,owner-ocr-C,12,13,1,2,RAW_AS_READ,4920
O04-PNG,OFFLINE,C,04_B_Glucose_Urine PNG,ช่วยอ่านผลจากไฟล์นี้ แสดงค่าที่อ่านได้ให้ตรวจยืนยันก่อนอธิบาย,"คำตอบทดสอบแบบคัดลอกจากหลักฐาน (OFFLINE test double ไม่ใช่โมเดลภาษา):
- Fasting Blood Sugar: 178 mg/dL (ช่วงที่พิมพ์บนใบรายงาน 70 - 99) [niddk-egfr]
- HbAI1c: 8.4 % (ช่วงที่พิมพ์บนใบรายงาน 4.0 - 5.6) [niddk-egfr]
- Estimated Average Glucose: 194 mg/dL (ช่วงที่พิมพ์บนใบรายงาน Not established) [niddk-egfr]
- Creatinine: 1.08 mg/dL (ช่วงที่พิมพ์บนใบรายงาน 0.67 - 1.17) [niddk-egfr]
- eGFR (CKD-EPI 2021): 83 mL/min/1.73m? (ช่วงที่พิมพ์บนใบรายงาน >= 60) [niddk-egfr]
- Urine Albumin: 82 mg/L (ช่วงที่พิมพ์บนใบรายงาน < 30) [niddk-egfr]
- Urine Creatinine: 68 mg/dL (ช่วงที่พิมพ์บนใบรายงาน Not established) [niddk-egfr]
- Urine Albumin / Creatinine Ratio: 121 mg/g (ช่วงที่พิมพ์บนใบรายงาน < 30) [niddk-egfr]
- Urine Protein: Trace (ช่วงที่พิมพ์บนใบรายงาน -) [niddk-egfr]
- Urine Glucose: 2+ (ช่วงที่พิมพ์บนใบรายงาน -) [niddk-egfr]
- Urine Ketone: Negative (ช่วงที่พิมพ์บนใบรายงาน 7) [niddk-egfr]
- Urine Blood: Negative (ช่วงที่พิมพ์บนใบรายงาน Negative) [niddk-egfr]
- Estimating glomerular filtration rate (eGFR) [niddk-egfr]
- Chronic kidney disease tests & diagnosis [niddk-ckd-tests]
- Urine albumin-to-creatinine ratio [nlm-uacr]
- onsite_service: Onsite service is for organizations only; our team checks feasibility and quotes any travel fee. We do not offer home visits. [rs-policy]
- discount_policy: There are no automatic discounts. Only a promotion approved by an authorized manager can change a quotation. [rs-policy]
- cancellation_policy: You can withdraw a request at any time. Once confirmed, you can reschedule or cancel free of charge 24 hours or more before your slot; closer than that, and for any refund, our team reviews the request. A request is not an approved refund. [rs-policy]
- refund_policy: Our team reviews refunds for paid appointments. Approval and processing time are not guaranteed. [rs-policy]
- results_policy: Preparation instructions and result timing come from our team for your specific appointment. We do not apply a universal fasting rule or promise a turnaround time. [rs-policy]
- payment_policy: Pay at the center, or with a test PromptPay or card payment that moves no real money. A screenshot is not proof of payment, and we never ask for card numbers in chat. [rs-policy]
- privacy_policy: Use synthetic data only in this coursework system. Employers receive coordination information, never an employee's lab results. A production service would need its own consent, retention and data-processing approvals. [rs-policy]
- handoff_policy: Our team works Monday to Saturday, 07:00–16:00 Bangkok time. Outside those hours your request waits in the queue without a promised response time. Urgent health concerns should not wait here: contact emergency or medical services. [rs-policy]",COMPLETED,FAIL,PENDING_REVIEW,PIPELINE_FAIL,2226,"raw extraction 11/12 values exact, 1 missing, 2 extra; explanation used values confirmed as read although the scorer found raw errors",rs-policy; niddk-egfr; niddk-ckd-tests; nlm-uacr,3c15550cb00bd1942e0f4ce95dc2757a3e6d22c4,owner-ocr-C,11,12,1,2,RAW_AS_READ,1810
O04-PDF,OFFLINE,C,04_B_Glucose_Urine PDF,ช่วยอ่านผลจากไฟล์นี้ แสดงค่าที่อ่านได้ให้ตรวจยืนยันก่อนอธิบาย,"คำตอบทดสอบแบบคัดลอกจากหลักฐาน (OFFLINE test double ไม่ใช่โมเดลภาษา):
- Fasting Blood Sugar: 178 mg/dL (ช่วงที่พิมพ์บนใบรายงาน 70 - 99) [niddk-egfr]
- HbAIc: 8.4 % (ช่วงที่พิมพ์บนใบรายงาน 40-56) [niddk-egfr]
- Estimated Average Glucose: 194 mg/dL (ช่วงที่พิมพ์บนใบรายงาน Not established) [niddk-egfr]
- Creatinine: 1.08 mg/dL (ช่วงที่พิมพ์บนใบรายงาน 0.67 - 1.17) [niddk-egfr]
- eGFR (CKD-EPI 2021): 83 mL/min/1.73m? (ช่วงที่พิมพ์บนใบรายงาน >= 60) [niddk-egfr]
- Urine Albumin: 82 mg/L (ช่วงที่พิมพ์บนใบรายงาน < 30) [niddk-egfr]
- Urine Creatinine: 68 mg/dL (ช่วงที่พิมพ์บนใบรายงาน Not established) [niddk-egfr]
- Urine Albumin / Creatinine Ratio: 121 mg/g (ช่วงที่พิมพ์บนใบรายงาน < 30) [niddk-egfr]
- Urine Protein: Trace (ช่วงที่พิมพ์บนใบรายงาน -) [niddk-egfr]
- Urine Glucose: 2+ (ช่วงที่พิมพ์บนใบรายงาน -) [niddk-egfr]
- Urine Ketone: Negative (ช่วงที่พิมพ์บนใบรายงาน Negative) [niddk-egfr]
- Urine Blood: Negative (ช่วงที่พิมพ์บนใบรายงาน Negative) [niddk-egfr]
- Estimating glomerular filtration rate (eGFR) [niddk-egfr]
- Chronic kidney disease tests & diagnosis [niddk-ckd-tests]
- Urine albumin-to-creatinine ratio [nlm-uacr]
- onsite_service: Onsite service is for organizations only; our team checks feasibility and quotes any travel fee. We do not offer home visits. [rs-policy]
- discount_policy: There are no automatic discounts. Only a promotion approved by an authorized manager can change a quotation. [rs-policy]
- cancellation_policy: You can withdraw a request at any time. Once confirmed, you can reschedule or cancel free of charge 24 hours or more before your slot; closer than that, and for any refund, our team reviews the request. A request is not an approved refund. [rs-policy]
- refund_policy: Our team reviews refunds for paid appointments. Approval and processing time are not guaranteed. [rs-policy]
- results_policy: Preparation instructions and result timing come from our team for your specific appointment. We do not apply a universal fasting rule or promise a turnaround time. [rs-policy]
- payment_policy: Pay at the center, or with a test PromptPay or card payment that moves no real money. A screenshot is not proof of payment, and we never ask for card numbers in chat. [rs-policy]
- privacy_policy: Use synthetic data only in this coursework system. Employers receive coordination information, never an employee's lab results. A production service would need its own consent, retention and data-processing approvals. [rs-policy]
- handoff_policy: Our team works Monday to Saturday, 07:00–16:00 Bangkok time. Outside those hours your request waits in the queue without a promised response time. Urgent health concerns should not wait here: contact emergency or medical services. [rs-policy]",COMPLETED,FAIL,PENDING_REVIEW,PIPELINE_FAIL,1766,"raw extraction 11/12 values exact, 1 missing, 1 extra; explanation used values confirmed as read although the scorer found raw errors",rs-policy; niddk-egfr; niddk-ckd-tests; nlm-uacr,3c15550cb00bd1942e0f4ce95dc2757a3e6d22c4,owner-ocr-C,11,12,1,1,RAW_AS_READ,1637
O05-PNG,OFFLINE,C,05_C_Hematology PNG,ช่วยอ่านผลจากไฟล์นี้ แสดงค่าที่อ่านได้ให้ตรวจยืนยันก่อนอธิบาย,"คำตอบทดสอบแบบคัดลอกจากหลักฐาน (OFFLINE test double ไม่ใช่โมเดลภาษา):
- Hemoglobin: 10.4 Ls (ช่วงที่พิมพ์บนใบรายงาน 13.0 - 17.0) [nlm-cbc]
- Hematocrit: 33.7 % (ช่วงที่พิมพ์บนใบรายงาน 40.0 - 50.0) [nlm-cbc]
- WBC: 6.82 (ช่วงที่พิมพ์บนใบรายงาน 4.00 - 10.00) [nlm-cbc]
- Neutrophil: 60.2 % (ช่วงที่พิมพ์บนใบรายงาน 40.0 - 75.0) [nlm-cbc]
- Lymphocyte: 30.1 % (ช่วงที่พิมพ์บนใบรายงาน 20.0 - 45.0) [nlm-cbc]
- Eosinophil: 2.8 % (ช่วงที่พิมพ์บนใบรายงาน 0.0 - 6.0) [nlm-cbc]
- Basophil: 0.5 % (ช่วงที่พิมพ์บนใบรายงาน 0.0 - 2.0) [nlm-cbc]
- Platelet Count: 412 = (ช่วงที่พิมพ์บนใบรายงาน 150 - 400) [nlm-cbc]
- Platelet Smear: Increased (ช่วงที่พิมพ์บนใบรายงาน Adequate) [nlm-cbc]
- RBC Count: 5.92 (ช่วงที่พิมพ์บนใบรายงาน 4.50 - 5.90) [nlm-cbc]
- MCH: 17.6 pg (ช่วงที่พิมพ์บนใบรายงาน 27.0 - 33.0) [nlm-cbc]
- MCHC: 30.9 Lsg/dL (ช่วงที่พิมพ์บนใบรายงาน 32.0 - 36.0) [nlm-cbc]
- Complete blood count [nlm-cbc]
- White blood count (WBC) [mlp-wbc]
- Platelet tests [mlp-platelets]
- onsite_service: Onsite service is for organizations only; our team checks feasibility and quotes any travel fee. We do not offer home visits. [rs-policy]
- discount_policy: There are no automatic discounts. Only a promotion approved by an authorized manager can change a quotation. [rs-policy]
- cancellation_policy: You can withdraw a request at any time. Once confirmed, you can reschedule or cancel free of charge 24 hours or more before your slot; closer than that, and for any refund, our team reviews the request. A request is not an approved refund. [rs-policy]
- refund_policy: Our team reviews refunds for paid appointments. Approval and processing time are not guaranteed. [rs-policy]
- results_policy: Preparation instructions and result timing come from our team for your specific appointment. We do not apply a universal fasting rule or promise a turnaround time. [rs-policy]
- payment_policy: Pay at the center, or with a test PromptPay or card payment that moves no real money. A screenshot is not proof of payment, and we never ask for card numbers in chat. [rs-policy]
- privacy_policy: Use synthetic data only in this coursework system. Employers receive coordination information, never an employee's lab results. A production service would need its own consent, retention and data-processing approvals. [rs-policy]
- handoff_policy: Our team works Monday to Saturday, 07:00–16:00 Bangkok time. Outside those hours your request waits in the queue without a promised response time. Urgent health concerns should not wait here: contact emergency or medical services. [rs-policy]",COMPLETED,FAIL,PENDING_REVIEW,PIPELINE_FAIL,3914,"raw extraction 26/33 values exact, 5 missing, 3 extra; explanation used values confirmed as read although the scorer found raw errors",rs-policy; nlm-cbc; mlp-wbc; mlp-platelets,3c15550cb00bd1942e0f4ce95dc2757a3e6d22c4,owner-ocr-C,26,33,5,3,RAW_AS_READ,3346
O05-PDF,OFFLINE,C,05_C_Hematology PDF,ช่วยอ่านผลจากไฟล์นี้ แสดงค่าที่อ่านได้ให้ตรวจยืนยันก่อนอธิบาย,"คำตอบทดสอบแบบคัดลอกจากหลักฐาน (OFFLINE test double ไม่ใช่โมเดลภาษา):
- Hemoglobin: 10.4 L_ (ช่วงที่พิมพ์บนใบรายงาน 13.0- 17.0) [nlm-cbc]
- Hematocrit: 33.7 L% (ช่วงที่พิมพ์บนใบรายงาน 40.0 - 50.0) [nlm-cbc]
- WBC: 6.82 (ช่วงที่พิมพ์บนใบรายงาน 4.00 - 10.00) [nlm-cbc]
- Neutrophil: 60.2 % (ช่วงที่พิมพ์บนใบรายงาน 40.0 - 75.0) [nlm-cbc]
- Lymphocyte: 30.1 % (ช่วงที่พิมพ์บนใบรายงาน 20.0 - 45.0) [nlm-cbc]
- Monocyte: 64 % (ช่วงที่พิมพ์บนใบรายงาน 2.0 - 10.0) [nlm-cbc]
- Eosinophil: 28 % (ช่วงที่พิมพ์บนใบรายงาน 0.0 - 6.0) [nlm-cbc]
- Basophil: 05 % (ช่วงที่พิมพ์บนใบรายงาน 0.0 - 2.0) [nlm-cbc]
- Platelet Count: 412 (ช่วงที่พิมพ์บนใบรายงาน 150 - 400) [nlm-cbc]
- Platelet Smear: Increased (ช่วงที่พิมพ์บนใบรายงาน Adequate) [nlm-cbc]
- RBC Count: 5.92 (ช่วงที่พิมพ์บนใบรายงาน 4.50 - 5.90) [nlm-cbc]
- MCV: 56.9 fL (ช่วงที่พิมพ์บนใบรายงาน 80.0 - 100.0) [nlm-cbc]
- Complete blood count [nlm-cbc]
- White blood count (WBC) [mlp-wbc]
- การตรวจความสมบูรณ์ของเม็ดเลือด (CBC) ประกอบด้วยอะไร [psu-cbc-overview]
- onsite_service: Onsite service is for organizations only; our team checks feasibility and quotes any travel fee. We do not offer home visits. [rs-policy]
- discount_policy: There are no automatic discounts. Only a promotion approved by an authorized manager can change a quotation. [rs-policy]
- cancellation_policy: You can withdraw a request at any time. Once confirmed, you can reschedule or cancel free of charge 24 hours or more before your slot; closer than that, and for any refund, our team reviews the request. A request is not an approved refund. [rs-policy]
- refund_policy: Our team reviews refunds for paid appointments. Approval and processing time are not guaranteed. [rs-policy]
- results_policy: Preparation instructions and result timing come from our team for your specific appointment. We do not apply a universal fasting rule or promise a turnaround time. [rs-policy]
- payment_policy: Pay at the center, or with a test PromptPay or card payment that moves no real money. A screenshot is not proof of payment, and we never ask for card numbers in chat. [rs-policy]
- privacy_policy: Use synthetic data only in this coursework system. Employers receive coordination information, never an employee's lab results. A production service would need its own consent, retention and data-processing approvals. [rs-policy]
- handoff_policy: Our team works Monday to Saturday, 07:00–16:00 Bangkok time. Outside those hours your request waits in the queue without a promised response time. Urgent health concerns should not wait here: contact emergency or medical services. [rs-policy]",COMPLETED,FAIL,PENDING_REVIEW,PIPELINE_FAIL,2445,"raw extraction 22/33 values exact, 6 missing, 1 extra; explanation used values confirmed as read although the scorer found raw errors",rs-policy; nlm-cbc; mlp-wbc; psu-cbc-overview,3c15550cb00bd1942e0f4ce95dc2757a3e6d22c4,owner-ocr-C,22,33,6,1,RAW_AS_READ,2284
O06-PNG,OFFLINE,C,06_C_Thyroid PNG,ช่วยอ่านผลจากไฟล์นี้ แสดงค่าที่อ่านได้ให้ตรวจยืนยันก่อนอธิบาย,"คำตอบทดสอบแบบคัดลอกจากหลักฐาน (OFFLINE test double ไม่ใช่โมเดลภาษา):
- Hemoglobin: 12.6 g/dL. (ช่วงที่พิมพ์บนใบรายงาน 12.0 - 16.0) [nlm-cbc]
- Hematocrit: 38.4 % (ช่วงที่พิมพ์บนใบรายงาน 36.0 - 46.0) [nlm-cbc]
- WBC: 6.14 (ช่วงที่พิมพ์บนใบรายงาน 4.00 - 10.00) [nlm-cbc]
- Neutrophil: 57.6 % (ช่วงที่พิมพ์บนใบรายงาน 40.0 - 75.0) [nlm-cbc]
- Lymphocyte: 33.4 % (ช่วงที่พิมพ์บนใบรายงาน 20.0 - 45.0) [nlm-cbc]
- Eosinophil: 2.2 % (ช่วงที่พิมพ์บนใบรายงาน 0.0 - 6.0) [nlm-cbc]
- Basophil: 0.7 % (ช่วงที่พิมพ์บนใบรายงาน 0.0 - 2.0) [nlm-cbc]
- Platelet Count: 268 (ช่วงที่พิมพ์บนใบรายงาน 150 - 400) [nlm-cbc]
- Platelet Smear: Adequate (ช่วงที่พิมพ์บนใบรายงาน Adequate) [nlm-cbc]
- RBC Count: 4.42 (ช่วงที่พิมพ์บนใบรายงาน 3.80 - 5.20) [nlm-cbc]
- MCH: 28.5 pg (ช่วงที่พิมพ์บนใบรายงาน 27.0 - 33.0) [nlm-cbc]
- RDW-CV: 13.2 % (ช่วงที่พิมพ์บนใบรายงาน 115-145) [nlm-cbc]
- Complete blood count [nlm-cbc]
- White blood count (WBC) [mlp-wbc]
- Platelet tests [mlp-platelets]
- onsite_service: Onsite service is for organizations only; our team checks feasibility and quotes any travel fee. We do not offer home visits. [rs-policy]
- discount_policy: There are no automatic discounts. Only a promotion approved by an authorized manager can change a quotation. [rs-policy]
- cancellation_policy: You can withdraw a request at any time. Once confirmed, you can reschedule or cancel free of charge 24 hours or more before your slot; closer than that, and for any refund, our team reviews the request. A request is not an approved refund. [rs-policy]
- refund_policy: Our team reviews refunds for paid appointments. Approval and processing time are not guaranteed. [rs-policy]
- results_policy: Preparation instructions and result timing come from our team for your specific appointment. We do not apply a universal fasting rule or promise a turnaround time. [rs-policy]
- payment_policy: Pay at the center, or with a test PromptPay or card payment that moves no real money. A screenshot is not proof of payment, and we never ask for card numbers in chat. [rs-policy]
- privacy_policy: Use synthetic data only in this coursework system. Employers receive coordination information, never an employee's lab results. A production service would need its own consent, retention and data-processing approvals. [rs-policy]
- handoff_policy: Our team works Monday to Saturday, 07:00–16:00 Bangkok time. Outside those hours your request waits in the queue without a promised response time. Urgent health concerns should not wait here: contact emergency or medical services. [rs-policy]",COMPLETED,FAIL,PENDING_REVIEW,PIPELINE_FAIL,2780,"raw extraction 28/33 values exact, 5 missing, 1 extra; explanation used values confirmed as read although the scorer found raw errors",rs-policy; nlm-cbc; mlp-wbc; mlp-platelets,3c15550cb00bd1942e0f4ce95dc2757a3e6d22c4,owner-ocr-C,28,33,5,1,RAW_AS_READ,2314
O06-PDF,OFFLINE,C,06_C_Thyroid PDF,ช่วยอ่านผลจากไฟล์นี้ แสดงค่าที่อ่านได้ให้ตรวจยืนยันก่อนอธิบาย,"คำตอบทดสอบแบบคัดลอกจากหลักฐาน (OFFLINE test double ไม่ใช่โมเดลภาษา):
- Hemoglobin: 12.6 g/dL (ช่วงที่พิมพ์บนใบรายงาน 12.0 - 16.0) [nlm-cbc]
- Hematocrit: 38.4 % (ช่วงที่พิมพ์บนใบรายงาน 36.0 - 46.0) [nlm-cbc]
- WBC: 6.14 (ช่วงที่พิมพ์บนใบรายงาน 4.00 - 10.00) [nlm-cbc]
- Neutrophil: 57.6 % (ช่วงที่พิมพ์บนใบรายงาน 40.0 - 75.0) [nlm-cbc]
- Lymphocyte: 33.4 % (ช่วงที่พิมพ์บนใบรายงาน 20.0 - 45.0) [nlm-cbc]
- Monocyte: 61 % (ช่วงที่พิมพ์บนใบรายงาน 2.0 - 10.0) [nlm-cbc]
- Eosinophil: 2.2 % (ช่วงที่พิมพ์บนใบรายงาน 0.0 - 6.0) [nlm-cbc]
- Basophil: 0.7 % (ช่วงที่พิมพ์บนใบรายงาน 0.0 - 2.0) [nlm-cbc]
- Platelet Count: 268 (ช่วงที่พิมพ์บนใบรายงาน 150 - 400) [nlm-cbc]
- Platelet Smear: Adequate (ช่วงที่พิมพ์บนใบรายงาน Adequate) [nlm-cbc]
- RBC Count: 4.42 (ช่วงที่พิมพ์บนใบรายงาน 3.80 - 5.20) [nlm-cbc]
- MCV: 86.9 fL (ช่วงที่พิมพ์บนใบรายงาน 80.0 - 100.0) [nlm-cbc]
- Complete blood count [nlm-cbc]
- White blood count (WBC) [mlp-wbc]
- การตรวจความสมบูรณ์ของเม็ดเลือด (CBC) ประกอบด้วยอะไร [psu-cbc-overview]
- onsite_service: Onsite service is for organizations only; our team checks feasibility and quotes any travel fee. We do not offer home visits. [rs-policy]
- discount_policy: There are no automatic discounts. Only a promotion approved by an authorized manager can change a quotation. [rs-policy]
- cancellation_policy: You can withdraw a request at any time. Once confirmed, you can reschedule or cancel free of charge 24 hours or more before your slot; closer than that, and for any refund, our team reviews the request. A request is not an approved refund. [rs-policy]
- refund_policy: Our team reviews refunds for paid appointments. Approval and processing time are not guaranteed. [rs-policy]
- results_policy: Preparation instructions and result timing come from our team for your specific appointment. We do not apply a universal fasting rule or promise a turnaround time. [rs-policy]
- payment_policy: Pay at the center, or with a test PromptPay or card payment that moves no real money. A screenshot is not proof of payment, and we never ask for card numbers in chat. [rs-policy]
- privacy_policy: Use synthetic data only in this coursework system. Employers receive coordination information, never an employee's lab results. A production service would need its own consent, retention and data-processing approvals. [rs-policy]
- handoff_policy: Our team works Monday to Saturday, 07:00–16:00 Bangkok time. Outside those hours your request waits in the queue without a promised response time. Urgent health concerns should not wait here: contact emergency or medical services. [rs-policy]",COMPLETED,FAIL,PENDING_REVIEW,PIPELINE_FAIL,5365,"raw extraction 28/33 values exact, 4 missing, 1 extra; explanation used values confirmed as read although the scorer found raw errors",rs-policy; nlm-cbc; mlp-wbc; psu-cbc-overview,3c15550cb00bd1942e0f4ce95dc2757a3e6d22c4,owner-ocr-C,28,33,4,1,RAW_AS_READ,5234
