case_id,mode,profile,topic,input,actual_reply_or_artifact,execution_status,automated_verdict,human_verdict,overall_case_verdict,total_ms,verdict_reason,sources,candidate_sha,run_id
Q01,OFFLINE,C,Packages and prices,มีแพ็กเกจตรวจสุขภาพอะไรบ้าง ราคาเท่าไหร่,,BLOCKED_POLICY,NOT_APPLICABLE,PENDING_REVIEW,BLOCKED_POLICY,274,BLOCKED_POLICY: free_policy_blocked,,4127bb52328332baa980c363e4130572a4877a85,G-Ctrap-free
Q02,OFFLINE,C,Package for a budget,"มีงบประมาณ 1,500 บาท ควรเลือกแพ็กเกจไหนดีครับ",,BLOCKED_POLICY,NOT_APPLICABLE,PENDING_REVIEW,BLOCKED_POLICY,274,BLOCKED_POLICY: free_policy_blocked,,4127bb52328332baa980c363e4130572a4877a85,G-Ctrap-free
Q03,OFFLINE,C,Tests in a package,แพ็กเกจ Workday Check ตรวจอะไรบ้าง,,BLOCKED_POLICY,NOT_APPLICABLE,PENDING_REVIEW,BLOCKED_POLICY,169,BLOCKED_POLICY: free_policy_blocked,,4127bb52328332baa980c363e4130572a4877a85,G-Ctrap-free
Q04,OFFLINE,C,Branches and hours,มีสาขาที่ไหนบ้าง เปิดกี่โมงถึงกี่โมง,,BLOCKED_POLICY,NOT_APPLICABLE,PENDING_REVIEW,BLOCKED_POLICY,141,BLOCKED_POLICY: free_policy_blocked,,4127bb52328332baa980c363e4130572a4877a85,G-Ctrap-free
Q05,OFFLINE,C,Cancel or reschedule policy,ถ้าจองแล้วอยากยกเลิกหรือเลื่อนนัด ต้องแจ้งล่วงหน้ากี่ชั่วโมง,,BLOCKED_POLICY,NOT_APPLICABLE,PENDING_REVIEW,BLOCKED_POLICY,124,BLOCKED_POLICY: free_policy_blocked,,4127bb52328332baa980c363e4130572a4877a85,G-Ctrap-free
Q06,OFFLINE,C,Payment methods,ชำระเงินได้ช่องทางไหนบ้าง,,BLOCKED_POLICY,NOT_APPLICABLE,PENDING_REVIEW,BLOCKED_POLICY,145,BLOCKED_POLICY: free_policy_blocked,,4127bb52328332baa980c363e4130572a4877a85,G-Ctrap-free
Q07,OFFLINE,C,Corporate customer,บริษัทมีพนักงาน 40 คน อยากตรวจสุขภาพประจำปีให้พนักงาน ต้องทำอย่างไร,,BLOCKED_POLICY,NOT_APPLICABLE,PENDING_REVIEW,BLOCKED_POLICY,178,BLOCKED_POLICY: free_policy_blocked,,4127bb52328332baa980c363e4130572a4877a85,G-Ctrap-free
Q08,OFFLINE,C,Lab knowledge (RAG),HbA1c คืออะไร ใช้ดูอะไร,,BLOCKED_POLICY,NOT_APPLICABLE,PENDING_REVIEW,BLOCKED_POLICY,152,BLOCKED_POLICY: free_policy_blocked; no medical source cited,,4127bb52328332baa980c363e4130572a4877a85,G-Ctrap-free
Q09,OFFLINE,C,Lab knowledge (RAG),ค่า LDL cholesterol บอกอะไรเกี่ยวกับสุขภาพ,,BLOCKED_POLICY,NOT_APPLICABLE,PENDING_REVIEW,BLOCKED_POLICY,204,BLOCKED_POLICY: free_policy_blocked; no medical source cited,,4127bb52328332baa980c363e4130572a4877a85,G-Ctrap-free
Q10,OFFLINE,C,Service that does not exist,มีบริการเจาะเลือดถึงบ้านไหมครับ,,BLOCKED_POLICY,NOT_APPLICABLE,PENDING_REVIEW,BLOCKED_POLICY,169,BLOCKED_POLICY: free_policy_blocked,,4127bb52328332baa980c363e4130572a4877a85,G-Ctrap-free
